{
  "seed": 42,
  "years": 60,
  "baseline": {
    "vac": 0.31803005008347246,
    "neg": 0.13772954924874792,
    "clu": 1.4401614729837107
  },
  "intervention": {
    "vac": 0.16383701188455008,
    "neg": 0.0636672325976231,
    "clu": 1.911920117137064
  },
  "zoneVac": {
    "西多摩": 0.6055045871559633,
    "多摩中部": 0.3237822349570201,
    "多摩東部": 0.1232876712328767,
    "区部西": 0.15577889447236182,
    "都心": 0.0784313725490196,
    "城東": 0.1306532663316583
  },
  "zoneMig": {
    "西多摩": 0.003368,
    "多摩中部": 0.00493,
    "多摩東部": 0.003882,
    "区部西": 0.005499,
    "都心": 0.00481,
    "城東": 0.00616
  }
}
