{
  "seed": 42,
  "years": 60,
  "baseline": {
    "vac": 0.1018363939899833,
    "neg": 0.034223706176961605,
    "clu": 1.0280568192532005,
    "demo": 0
  },
  "intervention": {
    "vac": 0.070506454816286,
    "neg": 0.016881827209533268,
    "clu": 1.3283008088717456,
    "demo": 0.15943238731218698
  },
  "zoneVac": {
    "西多摩": 0.10703363914373089,
    "多摩中部": 0.12320916905444126,
    "多摩東部": 0.0684931506849315,
    "区部西": 0.10552763819095477,
    "都心": 0.0784313725490196,
    "城東": 0.07035175879396985
  },
  "zoneMig": {
    "西多摩": 0.003368,
    "多摩中部": 0.00493,
    "多摩東部": 0.003882,
    "区部西": 0.005499,
    "都心": 0.00481,
    "城東": 0.00616
  }
}
