{
  "seed": 42,
  "years": 60,
  "baseline": {
    "vac": 0.12604340567612687,
    "neg": 0.09098497495826377,
    "clu": 0.9439966115720032
  },
  "intervention": {
    "vac": 0.08263772954924875,
    "neg": 0.05509181969949917,
    "clu": 1.1313775194359001
  },
  "zoneVac": {
    "西多摩": 0.1529051987767584,
    "多摩中部": 0.13753581661891118,
    "多摩東部": 0.0821917808219178,
    "区部西": 0.07035175879396985,
    "都心": 0.11764705882352941,
    "城東": 0.135678391959799
  },
  "zoneMig": {
    "西多摩": 0.003368,
    "多摩中部": 0.00493,
    "多摩東部": 0.003882,
    "区部西": 0.005499,
    "都心": 0.00481,
    "城東": 0.00616
  }
}
