{
  "seed": 42,
  "years": 60,
  "baseline": {
    "vac": 0.20177777777777778,
    "neg": 0.12444444444444444,
    "clu": 1.2987399012074181
  },
  "zoneVac": {
    "西多摩": 0.5,
    "多摩中部": 0.2802547770700637,
    "多摩東部": 0.16981132075471697,
    "区部西": 0.14427860696517414,
    "都心": 0.11290322580645161,
    "城東": 0.171875
  },
  "zoneMig": {
    "西多摩": 0.003368,
    "多摩中部": 0.00493,
    "多摩東部": 0.003882,
    "区部西": 0.005499,
    "都心": 0.00481,
    "城東": 0.00616
  }
}
