{
  "seed": 42,
  "years": 60,
  "baseline": {
    "vac": 0.14106844741235391,
    "neg": 0.1001669449081803,
    "clu": 1.130725719368319,
    "demo": 0
  },
  "intervention": {
    "vac": 0.0325542570951586,
    "neg": 0.021702838063439065,
    "clu": 1.453382830275743,
    "demo": 0.32554257095158595
  },
  "zoneVac": {
    "西多摩": 0.19877675840978593,
    "多摩中部": 0.1346704871060172,
    "多摩東部": 0.0821917808219178,
    "区部西": 0.12562814070351758,
    "都心": 0.13725490196078433,
    "城東": 0.09547738693467336
  },
  "zoneMig": {
    "西多摩": 0.003368,
    "多摩中部": 0.00493,
    "多摩東部": 0.003882,
    "区部西": 0.005499,
    "都心": 0.00481,
    "城東": 0.00616
  }
}
