{
  "seed": 42,
  "years": 60,
  "baseline": {
    "vac": 0.11853088480801335,
    "neg": 0.07762938230383973,
    "clu": 1.4473386259911742,
    "demo": 0.0333889816360601
  },
  "intervention": {
    "vac": 0.025041736227045076,
    "neg": 0.02337228714524207,
    "clu": 1.6242725188864602,
    "demo": 0.5150250417362271
  },
  "zoneVac": {
    "西多摩": 0.19169329073482427,
    "多摩中部": 0.11904761904761904,
    "多摩東部": 0.06944444444444445,
    "区部西": 0.10362694300518134,
    "都心": 0.04,
    "城東": 0.07731958762886598
  },
  "zoneMig": {
    "西多摩": 0.003368,
    "多摩中部": 0.00493,
    "多摩東部": 0.003882,
    "区部西": 0.005499,
    "都心": 0.00481,
    "城東": 0.00616
  }
}
