{
  "seed": 42,
  "years": 60,
  "baseline": {
    "vac": 0.1318864774624374,
    "neg": 0.09515859766277128,
    "clu": 1.1904725717669247,
    "demo": 0
  },
  "intervention": {
    "vac": 0.038397328881469114,
    "neg": 0.0325542570951586,
    "clu": 2.552449628105123,
    "demo": 0.3347245409015025
  },
  "zoneVac": {
    "西多摩": 0.1834862385321101,
    "多摩中部": 0.12893982808022922,
    "多摩東部": 0.0684931506849315,
    "区部西": 0.12562814070351758,
    "都心": 0.13725490196078433,
    "城東": 0.08040201005025126
  },
  "zoneMig": {
    "西多摩": 0.003368,
    "多摩中部": 0.00493,
    "多摩東部": 0.003882,
    "区部西": 0.005499,
    "都心": 0.00481,
    "城東": 0.00616
  }
}
