{
  "seed": 42,
  "years": 60,
  "baseline": {
    "vac": 0.12103505843071787,
    "neg": 0.08430717863105175,
    "clu": 0.9339258375235885,
    "demo": 0.030884808013355594
  },
  "intervention": {
    "vac": 0.08180300500834725,
    "neg": 0.05091819699499165,
    "clu": 1.133349221406108,
    "demo": 0.06176961602671119
  },
  "zoneVac": {
    "西多摩": 0.1870967741935484,
    "多摩中部": 0.12202380952380952,
    "多摩東部": 0.0684931506849315,
    "区部西": 0.08717948717948718,
    "都心": 0.058823529411764705,
    "城東": 0.10714285714285714
  },
  "zoneMig": {
    "西多摩": 0.003368,
    "多摩中部": 0.00493,
    "多摩東部": 0.003882,
    "区部西": 0.005499,
    "都心": 0.00481,
    "城東": 0.00616
  }
}
